,amount,commission,dt,order_id,price,sid,symbol,txn_dollars
2016-01-05 07:00:00+00:00,163666,,2016-01-05 07:00:00+00:00,987f23c21d7f4ef59acdd2cf4b7e02f1,12.120000000000001,苏宁易购(002024),苏宁易购(002024),-1983631.9200000002
2016-01-05 07:00:00+00:00,67294,,2016-01-05 07:00:00+00:00,a64034bcf22a4f1eab449668925daf2a,31.330000000000002,美的集团(000333),美的集团(000333),-2108321.02
2016-01-05 07:00:00+00:00,34182,,2016-01-05 07:00:00+00:00,de2dc9284424428780fb27de1f3d8d2f,56.61,中源协和(600645),中源协和(600645),-1935043.02
2016-03-09 07:00:00+00:00,62539,,2016-03-09 07:00:00+00:00,74b588da23a64997b5989429de1c25d3,28.78,广誉远(600771),广誉远(600771),-1799872.4200000002
2016-03-09 07:00:00+00:00,62539,,2016-03-09 07:00:00+00:00,5d7d0c44ced8444e85f406f09b7f4932,28.78,广誉远(600771),广誉远(600771),-1799872.4200000002
2016-03-09 07:00:00+00:00,62539,,2016-03-09 07:00:00+00:00,8862dccea7cf44e199d04677e54a28c3,28.78,广誉远(600771),广誉远(600771),-1799872.4200000002
2016-03-09 07:00:00+00:00,62539,,2016-03-09 07:00:00+00:00,5405abf4a9104ab9bd86335b16487584,28.78,广誉远(600771),广誉远(600771),-1799872.4200000002
2016-03-09 07:00:00+00:00,62539,,2016-03-09 07:00:00+00:00,e869ab9daaee45edb67cbbfeb7a93831,28.78,广誉远(600771),广誉远(600771),-1799872.4200000002
2016-03-09 07:00:00+00:00,62539,,2016-03-09 07:00:00+00:00,53c3c29add9b45d5b4cfac9b4dc441b7,28.78,广誉远(600771),广誉远(600771),-1799872.4200000002
2016-03-09 07:00:00+00:00,62539,,2016-03-09 07:00:00+00:00,12cf03a58c654af3bf23abc8d2bcbb27,28.78,广誉远(600771),广誉远(600771),-1799872.4200000002
2016-03-09 07:00:00+00:00,62539,,2016-03-09 07:00:00+00:00,7280d703e5204b8d8d3bfac549087f72,28.78,广誉远(600771),广誉远(600771),-1799872.4200000002
2016-03-09 07:00:00+00:00,62539,,2016-03-09 07:00:00+00:00,b721863992264920b01e9a23ab754c2b,28.78,广誉远(600771),广誉远(600771),-1799872.4200000002
2016-03-09 07:00:00+00:00,62539,,2016-03-09 07:00:00+00:00,ea975feba36849178bd2e95071fb2427,28.78,广誉远(600771),广誉远(600771),-1799872.4200000002
2016-03-09 07:00:00+00:00,62539,,2016-03-09 07:00:00+00:00,359b2e8b534a4253bb8df2f721e951fa,28.78,广誉远(600771),广誉远(600771),-1799872.4200000002
2016-03-09 07:00:00+00:00,62539,,2016-03-09 07:00:00+00:00,e0a19f32bacf4ebc9c2df16505e1b7df,28.78,广誉远(600771),广誉远(600771),-1799872.4200000002
2016-03-09 07:00:00+00:00,62539,,2016-03-09 07:00:00+00:00,5f66c749cd18436faec44bb497562183,28.78,广誉远(600771),广誉远(600771),-1799872.4200000002
2016-03-09 07:00:00+00:00,62539,,2016-03-09 07:00:00+00:00,65147fde95054123a5e3cddc91d9c1ee,28.78,广誉远(600771),广誉远(600771),-1799872.4200000002
2016-03-09 07:00:00+00:00,62539,,2016-03-09 07:00:00+00:00,56823446a5a14a4592580877dc51dd55,28.78,广誉远(600771),广誉远(600771),-1799872.4200000002
2016-03-09 07:00:00+00:00,62539,,2016-03-09 07:00:00+00:00,0f4000cc65c84093be22e968732a819a,28.78,广誉远(600771),广誉远(600771),-1799872.4200000002
2016-03-09 07:00:00+00:00,62539,,2016-03-09 07:00:00+00:00,96dfba0da06644118a666c10c355fe81,28.78,广誉远(600771),广誉远(600771),-1799872.4200000002
2016-03-09 07:00:00+00:00,62539,,2016-03-09 07:00:00+00:00,f3eb5f68570d4172b5f5fb06ca3f129d,28.78,广誉远(600771),广誉远(600771),-1799872.4200000002
2016-03-09 07:00:00+00:00,62539,,2016-03-09 07:00:00+00:00,3c533e1bf0054f4d8cfef32e248122d8,28.78,广誉远(600771),广誉远(600771),-1799872.4200000002
2016-03-09 07:00:00+00:00,62539,,2016-03-09 07:00:00+00:00,2f8f21b3367c4329bcbdac38df4725c0,28.78,广誉远(600771),广誉远(600771),-1799872.4200000002
2016-03-09 07:00:00+00:00,62539,,2016-03-09 07:00:00+00:00,cc1183bcb7d142f593c8f6a70008e4fc,28.78,广誉远(600771),广誉远(600771),-1799872.4200000002
2016-03-09 07:00:00+00:00,62539,,2016-03-09 07:00:00+00:00,a6f6f5e1649846e5b29aaaef30438438,28.78,广誉远(600771),广誉远(600771),-1799872.4200000002
2016-03-09 07:00:00+00:00,62539,,2016-03-09 07:00:00+00:00,b6e6065a86e440bfb0a70be7a942891d,28.78,广誉远(600771),广誉远(600771),-1799872.4200000002
2016-03-09 07:00:00+00:00,62539,,2016-03-09 07:00:00+00:00,c1f24bc291c14ae286646c191bb8d228,28.78,广誉远(600771),广誉远(600771),-1799872.4200000002
2016-03-09 07:00:00+00:00,62539,,2016-03-09 07:00:00+00:00,69836949a7694c148bc3110cd598b267,28.78,广誉远(600771),广誉远(600771),-1799872.4200000002
2016-03-09 07:00:00+00:00,62539,,2016-03-09 07:00:00+00:00,65c8a239d3a84b3ca1b1a15db347fe21,28.78,广誉远(600771),广誉远(600771),-1799872.4200000002
2016-03-09 07:00:00+00:00,62539,,2016-03-09 07:00:00+00:00,5568fe60988c4416ac5f325b852f7284,28.78,广誉远(600771),广誉远(600771),-1799872.4200000002
2016-03-09 07:00:00+00:00,62539,,2016-03-09 07:00:00+00:00,4236724679c14cd992f197a8252f4870,28.78,广誉远(600771),广誉远(600771),-1799872.4200000002
2016-03-09 07:00:00+00:00,62539,,2016-03-09 07:00:00+00:00,04faa6835c1d4515a6a1d20f4e3d03d1,28.78,广誉远(600771),广誉远(600771),-1799872.4200000002
2016-03-09 07:00:00+00:00,62539,,2016-03-09 07:00:00+00:00,071d7eef35354521a60d31e79f2e6ca2,28.78,广誉远(600771),广誉远(600771),-1799872.4200000002
2016-03-09 07:00:00+00:00,62539,,2016-03-09 07:00:00+00:00,ac94c0c700cf4905bc218389e771d7d3,28.78,广誉远(600771),广誉远(600771),-1799872.4200000002
2016-03-09 07:00:00+00:00,62539,,2016-03-09 07:00:00+00:00,49b3426227a742ee933341eb917ac380,28.78,广誉远(600771),广誉远(600771),-1799872.4200000002
2016-03-09 07:00:00+00:00,62539,,2016-03-09 07:00:00+00:00,5579f6f7d03d45a589e2d6c4c39f4932,28.78,广誉远(600771),广誉远(600771),-1799872.4200000002
2016-03-09 07:00:00+00:00,62539,,2016-03-09 07:00:00+00:00,622b529798bc41de9b78461fee2ec22e,28.78,广誉远(600771),广誉远(600771),-1799872.4200000002
2016-03-09 07:00:00+00:00,62539,,2016-03-09 07:00:00+00:00,792da883407b4c05aee8fcbd1a5fc882,28.78,广誉远(600771),广誉远(600771),-1799872.4200000002
2016-03-09 07:00:00+00:00,62539,,2016-03-09 07:00:00+00:00,6464e44a0ea1423bac80d0abfc2285b8,28.78,广誉远(600771),广誉远(600771),-1799872.4200000002
2016-03-09 07:00:00+00:00,62539,,2016-03-09 07:00:00+00:00,ee45e8d1575f4fe18358ef640bd612c8,28.78,广誉远(600771),广誉远(600771),-1799872.4200000002
2016-03-09 07:00:00+00:00,62539,,2016-03-09 07:00:00+00:00,48453598e2d4437d9ba9fbe8fc29e2ed,28.78,广誉远(600771),广誉远(600771),-1799872.4200000002
2016-03-09 07:00:00+00:00,62539,,2016-03-09 07:00:00+00:00,ec9803eb0490437ea24e50310da77827,28.78,广誉远(600771),广誉远(600771),-1799872.4200000002
2016-03-09 07:00:00+00:00,62539,,2016-03-09 07:00:00+00:00,e15e8dc4e39b47e08c7e9a2d25e75e50,28.78,广誉远(600771),广誉远(600771),-1799872.4200000002
2016-03-09 07:00:00+00:00,62539,,2016-03-09 07:00:00+00:00,2e626bbfdc8943ffadf090848ed22313,28.78,广誉远(600771),广誉远(600771),-1799872.4200000002
2016-03-09 07:00:00+00:00,62539,,2016-03-09 07:00:00+00:00,853b498feff2427485c6a47b991101e2,28.78,广誉远(600771),广誉远(600771),-1799872.4200000002
2016-07-04 07:00:00+00:00,81866,,2016-07-04 07:00:00+00:00,d4dca98eb6134836b13e56a6f519139d,21.990000000000002,万 科Ａ(000002),万 科Ａ(000002),-1800233.34
2016-07-04 07:00:00+00:00,81866,,2016-07-04 07:00:00+00:00,4add877bdcea46e69121942252e83220,21.990000000000002,万 科Ａ(000002),万 科Ａ(000002),-1800233.34
2016-07-04 07:00:00+00:00,81866,,2016-07-04 07:00:00+00:00,6859ae4a07444ebea4356ac2f75f6ec8,21.990000000000002,万 科Ａ(000002),万 科Ａ(000002),-1800233.34
2016-07-04 07:00:00+00:00,81866,,2016-07-04 07:00:00+00:00,986791b7fc854d26b68b2014818a7e6b,21.990000000000002,万 科Ａ(000002),万 科Ａ(000002),-1800233.34
2016-07-04 07:00:00+00:00,81866,,2016-07-04 07:00:00+00:00,f4ce43d500a747d8902e5da936584485,21.990000000000002,万 科Ａ(000002),万 科Ａ(000002),-1800233.34
2016-07-04 07:00:00+00:00,81866,,2016-07-04 07:00:00+00:00,4cfc3b2a75d14e46aa2d72079604a58b,21.990000000000002,万 科Ａ(000002),万 科Ａ(000002),-1800233.34
2016-07-04 07:00:00+00:00,81866,,2016-07-04 07:00:00+00:00,00bd17fe03d9471bb34444393ba29b78,21.990000000000002,万 科Ａ(000002),万 科Ａ(000002),-1800233.34
2016-07-04 07:00:00+00:00,81866,,2016-07-04 07:00:00+00:00,9d6e23602264433ca4ba001b0ed510f0,21.990000000000002,万 科Ａ(000002),万 科Ａ(000002),-1800233.34
2016-07-04 07:00:00+00:00,81866,,2016-07-04 07:00:00+00:00,165aec77bcb44a8f9587d1fa0796486a,21.990000000000002,万 科Ａ(000002),万 科Ａ(000002),-1800233.34
2016-07-04 07:00:00+00:00,81866,,2016-07-04 07:00:00+00:00,db422d81d18b46b6a2bb0ffcfe9509b7,21.990000000000002,万 科Ａ(000002),万 科Ａ(000002),-1800233.34
2016-07-04 07:00:00+00:00,81866,,2016-07-04 07:00:00+00:00,aaa90c27ab0e411eb95645d069c15bf1,21.990000000000002,万 科Ａ(000002),万 科Ａ(000002),-1800233.34
2016-07-04 07:00:00+00:00,81866,,2016-07-04 07:00:00+00:00,4d66e5fd79334fb78dd27dbc78521ab3,21.990000000000002,万 科Ａ(000002),万 科Ａ(000002),-1800233.34
2016-07-04 07:00:00+00:00,81866,,2016-07-04 07:00:00+00:00,fb362467fef444b783e30ccab0aa9ccd,21.990000000000002,万 科Ａ(000002),万 科Ａ(000002),-1800233.34
2016-07-04 07:00:00+00:00,81866,,2016-07-04 07:00:00+00:00,ce897628fdbd43e79f3147f569247f6f,21.990000000000002,万 科Ａ(000002),万 科Ａ(000002),-1800233.34
2016-07-04 07:00:00+00:00,81866,,2016-07-04 07:00:00+00:00,b0632db7ee394382bd440afa5b6dc552,21.990000000000002,万 科Ａ(000002),万 科Ａ(000002),-1800233.34
2016-07-04 07:00:00+00:00,81866,,2016-07-04 07:00:00+00:00,c5b74ff87c264236ae57ec24035c6e1e,21.990000000000002,万 科Ａ(000002),万 科Ａ(000002),-1800233.34
2016-07-04 07:00:00+00:00,81866,,2016-07-04 07:00:00+00:00,de0436e04110414dbbddb47901717e99,21.990000000000002,万 科Ａ(000002),万 科Ａ(000002),-1800233.34
2016-07-04 07:00:00+00:00,81866,,2016-07-04 07:00:00+00:00,80d4f4e8dcb24c6ab166f14109ed2bef,21.990000000000002,万 科Ａ(000002),万 科Ａ(000002),-1800233.34
2016-07-04 07:00:00+00:00,81866,,2016-07-04 07:00:00+00:00,da0bc89f89b0475da2baea55f5287b17,21.990000000000002,万 科Ａ(000002),万 科Ａ(000002),-1800233.34
2016-07-04 07:00:00+00:00,81866,,2016-07-04 07:00:00+00:00,bdfdc35bd1334504820fb8196b252670,21.990000000000002,万 科Ａ(000002),万 科Ａ(000002),-1800233.34
2016-07-04 07:00:00+00:00,81866,,2016-07-04 07:00:00+00:00,cf2c6ecd0a05425b94806448baabb807,21.990000000000002,万 科Ａ(000002),万 科Ａ(000002),-1800233.34
2016-07-04 07:00:00+00:00,81866,,2016-07-04 07:00:00+00:00,7213e11c98b84ef08ee5709587797444,21.990000000000002,万 科Ａ(000002),万 科Ａ(000002),-1800233.34
2016-07-04 07:00:00+00:00,81866,,2016-07-04 07:00:00+00:00,1b7d4f7b15854cb5a44953bd8473d15f,21.990000000000002,万 科Ａ(000002),万 科Ａ(000002),-1800233.34
2016-07-04 07:00:00+00:00,81866,,2016-07-04 07:00:00+00:00,e8ac0551f3464815bc8cd2fe076cb8f0,21.990000000000002,万 科Ａ(000002),万 科Ａ(000002),-1800233.34
2016-07-04 07:00:00+00:00,81866,,2016-07-04 07:00:00+00:00,97b976177f3845b4a19aeec4d243eefb,21.990000000000002,万 科Ａ(000002),万 科Ａ(000002),-1800233.34
2016-07-04 07:00:00+00:00,81866,,2016-07-04 07:00:00+00:00,d6f0101184e3458cb5a8b094bf215b09,21.990000000000002,万 科Ａ(000002),万 科Ａ(000002),-1800233.34
2016-07-04 07:00:00+00:00,81866,,2016-07-04 07:00:00+00:00,58f4661d8e474c85bb19b54319b6551c,21.990000000000002,万 科Ａ(000002),万 科Ａ(000002),-1800233.34
2016-07-04 07:00:00+00:00,81866,,2016-07-04 07:00:00+00:00,0d8797d851534d6c96714c0014262a68,21.990000000000002,万 科Ａ(000002),万 科Ａ(000002),-1800233.34
2016-07-04 07:00:00+00:00,81866,,2016-07-04 07:00:00+00:00,feea244098f1452f8d831459d99f0fcc,21.990000000000002,万 科Ａ(000002),万 科Ａ(000002),-1800233.34
2016-07-04 07:00:00+00:00,81866,,2016-07-04 07:00:00+00:00,0b9f25eb6a6f4e5e87d6668dfa2db40d,21.990000000000002,万 科Ａ(000002),万 科Ａ(000002),-1800233.34
2016-07-04 07:00:00+00:00,81866,,2016-07-04 07:00:00+00:00,1581533bbcb6475d92f2b52a7e284e56,21.990000000000002,万 科Ａ(000002),万 科Ａ(000002),-1800233.34
2016-07-04 07:00:00+00:00,81866,,2016-07-04 07:00:00+00:00,6b74489640364ce8abac6ee1f2dc3625,21.990000000000002,万 科Ａ(000002),万 科Ａ(000002),-1800233.34
2016-07-04 07:00:00+00:00,81866,,2016-07-04 07:00:00+00:00,9011f48405c34d5eae526dfeb81dacd5,21.990000000000002,万 科Ａ(000002),万 科Ａ(000002),-1800233.34
2016-07-04 07:00:00+00:00,81866,,2016-07-04 07:00:00+00:00,451a343798f14d60b637034b5647724c,21.990000000000002,万 科Ａ(000002),万 科Ａ(000002),-1800233.34
2016-07-04 07:00:00+00:00,81866,,2016-07-04 07:00:00+00:00,1d2bf0570bf44d82b0ce3de805b2d670,21.990000000000002,万 科Ａ(000002),万 科Ａ(000002),-1800233.34
2016-07-04 07:00:00+00:00,81866,,2016-07-04 07:00:00+00:00,3509f34bf8064cd29303867b6278b378,21.990000000000002,万 科Ａ(000002),万 科Ａ(000002),-1800233.34
2016-07-04 07:00:00+00:00,81866,,2016-07-04 07:00:00+00:00,6cfadfe199bd48338e0872bb1282b6f3,21.990000000000002,万 科Ａ(000002),万 科Ａ(000002),-1800233.34
2016-07-04 07:00:00+00:00,81866,,2016-07-04 07:00:00+00:00,211a29d033884b1da088f044879e68a7,21.990000000000002,万 科Ａ(000002),万 科Ａ(000002),-1800233.34
2016-07-04 07:00:00+00:00,81866,,2016-07-04 07:00:00+00:00,c60d8c5921574284aee6d0027b81901a,21.990000000000002,万 科Ａ(000002),万 科Ａ(000002),-1800233.34
2016-07-04 07:00:00+00:00,81866,,2016-07-04 07:00:00+00:00,f0b9fd0c2e984f9a809589277d91f599,21.990000000000002,万 科Ａ(000002),万 科Ａ(000002),-1800233.34
2016-07-04 07:00:00+00:00,81866,,2016-07-04 07:00:00+00:00,cccdcbd69bed4afea2c49dc8d1a6ff4e,21.990000000000002,万 科Ａ(000002),万 科Ａ(000002),-1800233.34
2016-07-04 07:00:00+00:00,81866,,2016-07-04 07:00:00+00:00,f93f48138a514e14bf131e972354b0fb,21.990000000000002,万 科Ａ(000002),万 科Ａ(000002),-1800233.34
2016-07-04 07:00:00+00:00,81866,,2016-07-04 07:00:00+00:00,c24a5296999d4e8285ba1e95a92a0b4e,21.990000000000002,万 科Ａ(000002),万 科Ａ(000002),-1800233.34
2016-07-04 07:00:00+00:00,81866,,2016-07-04 07:00:00+00:00,4ba3a0df2e9c494ea114ce96b309c916,21.990000000000002,万 科Ａ(000002),万 科Ａ(000002),-1800233.34
2016-07-04 07:00:00+00:00,81866,,2016-07-04 07:00:00+00:00,bce345928dd546a1a86d190493025933,21.990000000000002,万 科Ａ(000002),万 科Ａ(000002),-1800233.34
2016-07-04 07:00:00+00:00,81866,,2016-07-04 07:00:00+00:00,117c53ab5e224cc1b84807e8b27a3926,21.990000000000002,万 科Ａ(000002),万 科Ａ(000002),-1800233.34
2016-07-04 07:00:00+00:00,81866,,2016-07-04 07:00:00+00:00,43dc2fa963f44cfab0aa157d99ac2278,21.990000000000002,万 科Ａ(000002),万 科Ａ(000002),-1800233.34
2016-07-04 07:00:00+00:00,81866,,2016-07-04 07:00:00+00:00,e72a9cb4c1324fd69eed824bb6b2d5ba,21.990000000000002,万 科Ａ(000002),万 科Ａ(000002),-1800233.34
2016-07-04 07:00:00+00:00,81866,,2016-07-04 07:00:00+00:00,9b53fed5293749abbf459142ae40529c,21.990000000000002,万 科Ａ(000002),万 科Ａ(000002),-1800233.34
2016-07-04 07:00:00+00:00,81866,,2016-07-04 07:00:00+00:00,d0ba57b2989a4ca5838a593a7cbd2b4a,21.990000000000002,万 科Ａ(000002),万 科Ａ(000002),-1800233.34
2016-07-04 07:00:00+00:00,81866,,2016-07-04 07:00:00+00:00,be7fd1b89f124ca0a27fdb325d36fd3b,21.990000000000002,万 科Ａ(000002),万 科Ａ(000002),-1800233.34
2016-07-04 07:00:00+00:00,81866,,2016-07-04 07:00:00+00:00,1872d23100af4a0ea9a4187ea3e8347f,21.990000000000002,万 科Ａ(000002),万 科Ａ(000002),-1800233.34
2016-07-04 07:00:00+00:00,81866,,2016-07-04 07:00:00+00:00,7c927ac149f242b1b1089ff3ff938d53,21.990000000000002,万 科Ａ(000002),万 科Ａ(000002),-1800233.34
2016-07-04 07:00:00+00:00,81866,,2016-07-04 07:00:00+00:00,511fb598633e45c4ab8661ef819c7211,21.990000000000002,万 科Ａ(000002),万 科Ａ(000002),-1800233.34
2016-07-04 07:00:00+00:00,81866,,2016-07-04 07:00:00+00:00,9dbe99f97fb04c9298703b539937572f,21.990000000000002,万 科Ａ(000002),万 科Ａ(000002),-1800233.34
2016-07-04 07:00:00+00:00,81866,,2016-07-04 07:00:00+00:00,66435c4386ee4344b111d83ef01d25c9,21.990000000000002,万 科Ａ(000002),万 科Ａ(000002),-1800233.34
2016-07-04 07:00:00+00:00,81866,,2016-07-04 07:00:00+00:00,ed928b6bd5dc4d5181a8b4833ab8075e,21.990000000000002,万 科Ａ(000002),万 科Ａ(000002),-1800233.34
2016-07-04 07:00:00+00:00,81866,,2016-07-04 07:00:00+00:00,71319ee2499d4c1b86f228a2056191f4,21.990000000000002,万 科Ａ(000002),万 科Ａ(000002),-1800233.34
2016-07-04 07:00:00+00:00,81866,,2016-07-04 07:00:00+00:00,69b1af444db9496596df6859f5fc763a,21.990000000000002,万 科Ａ(000002),万 科Ａ(000002),-1800233.34
2016-07-04 07:00:00+00:00,81866,,2016-07-04 07:00:00+00:00,5d73ec72d8214040822e908e8615014a,21.990000000000002,万 科Ａ(000002),万 科Ａ(000002),-1800233.34
2016-07-04 07:00:00+00:00,81866,,2016-07-04 07:00:00+00:00,719f2782b9e7474990189432cf8a9d6e,21.990000000000002,万 科Ａ(000002),万 科Ａ(000002),-1800233.34
2016-07-04 07:00:00+00:00,81866,,2016-07-04 07:00:00+00:00,7d2acc8556fc4f5fadd8ec49225267c8,21.990000000000002,万 科Ａ(000002),万 科Ａ(000002),-1800233.34
2016-07-04 07:00:00+00:00,81866,,2016-07-04 07:00:00+00:00,f194814c0033492baa52d5a0856f4ae0,21.990000000000002,万 科Ａ(000002),万 科Ａ(000002),-1800233.34
2016-07-04 07:00:00+00:00,81866,,2016-07-04 07:00:00+00:00,542c34495c2642618f4ac3e84ad470ab,21.990000000000002,万 科Ａ(000002),万 科Ａ(000002),-1800233.34
2016-07-04 07:00:00+00:00,81866,,2016-07-04 07:00:00+00:00,81f6ec0be0f84f2d8c8c1f5fec89463a,21.990000000000002,万 科Ａ(000002),万 科Ａ(000002),-1800233.34
2016-07-04 07:00:00+00:00,81866,,2016-07-04 07:00:00+00:00,8a965ace116546b08a659a417ae7dd73,21.990000000000002,万 科Ａ(000002),万 科Ａ(000002),-1800233.34
2016-07-04 07:00:00+00:00,81866,,2016-07-04 07:00:00+00:00,a3aca61e2267444f97462985843f8f62,21.990000000000002,万 科Ａ(000002),万 科Ａ(000002),-1800233.34
2016-07-04 07:00:00+00:00,81866,,2016-07-04 07:00:00+00:00,105e7f80f718469bbe431041c93ac63b,21.990000000000002,万 科Ａ(000002),万 科Ａ(000002),-1800233.34
2016-07-04 07:00:00+00:00,81866,,2016-07-04 07:00:00+00:00,63dc3511083d4d039ee8b7b3acedb16e,21.990000000000002,万 科Ａ(000002),万 科Ａ(000002),-1800233.34
2016-07-04 07:00:00+00:00,81866,,2016-07-04 07:00:00+00:00,299a7e0d958d46c393f645bd7fdd3b28,21.990000000000002,万 科Ａ(000002),万 科Ａ(000002),-1800233.34
2016-07-04 07:00:00+00:00,81866,,2016-07-04 07:00:00+00:00,fbebef692e8647218de51e81d821b2cc,21.990000000000002,万 科Ａ(000002),万 科Ａ(000002),-1800233.34
2016-07-04 07:00:00+00:00,81866,,2016-07-04 07:00:00+00:00,c225a446acf44e89a50ee1df28cf904a,21.990000000000002,万 科Ａ(000002),万 科Ａ(000002),-1800233.34
2016-07-04 07:00:00+00:00,81866,,2016-07-04 07:00:00+00:00,39554b2820c444eea98caf939c847544,21.990000000000002,万 科Ａ(000002),万 科Ａ(000002),-1800233.34
2016-07-04 07:00:00+00:00,81866,,2016-07-04 07:00:00+00:00,b876ade0120147ff90b0e4556b7c0cf2,21.990000000000002,万 科Ａ(000002),万 科Ａ(000002),-1800233.34
2016-07-04 07:00:00+00:00,81866,,2016-07-04 07:00:00+00:00,b183aa93eb8b465dbf22b2812b251b83,21.990000000000002,万 科Ａ(000002),万 科Ａ(000002),-1800233.34
2016-07-04 07:00:00+00:00,81866,,2016-07-04 07:00:00+00:00,39304fc31acc45fdbbc223f76982a9ea,21.990000000000002,万 科Ａ(000002),万 科Ａ(000002),-1800233.34
2016-07-04 07:00:00+00:00,81866,,2016-07-04 07:00:00+00:00,cbf99cf3826b48b491889cc7ed3c20d0,21.990000000000002,万 科Ａ(000002),万 科Ａ(000002),-1800233.34
2016-07-04 07:00:00+00:00,81866,,2016-07-04 07:00:00+00:00,b539fe6bcf6140eba1520e9bf0734fb9,21.990000000000002,万 科Ａ(000002),万 科Ａ(000002),-1800233.34
2016-07-04 07:00:00+00:00,81866,,2016-07-04 07:00:00+00:00,d0607e1441ba4382bda17a5742e6edf3,21.990000000000002,万 科Ａ(000002),万 科Ａ(000002),-1800233.34
2016-07-04 07:00:00+00:00,81866,,2016-07-04 07:00:00+00:00,9a84e258e99746e4ae16d50fed01481c,21.990000000000002,万 科Ａ(000002),万 科Ａ(000002),-1800233.34
2016-07-04 07:00:00+00:00,81866,,2016-07-04 07:00:00+00:00,bece518ec9b14fdca5538353ffc32cbd,21.990000000000002,万 科Ａ(000002),万 科Ａ(000002),-1800233.34
2016-07-04 07:00:00+00:00,81866,,2016-07-04 07:00:00+00:00,fbc095dd723a4d85973849af3245fc11,21.990000000000002,万 科Ａ(000002),万 科Ａ(000002),-1800233.34
2016-07-04 07:00:00+00:00,81866,,2016-07-04 07:00:00+00:00,eef4e56ab96544babe0a13c5c4ce621e,21.990000000000002,万 科Ａ(000002),万 科Ａ(000002),-1800233.34
2016-07-04 07:00:00+00:00,81866,,2016-07-04 07:00:00+00:00,f0778ba8b6bf4516ae83b92220ce80aa,21.990000000000002,万 科Ａ(000002),万 科Ａ(000002),-1800233.34
2016-07-04 07:00:00+00:00,81866,,2016-07-04 07:00:00+00:00,9b4795fbcc524c4faa3c09a37ef11957,21.990000000000002,万 科Ａ(000002),万 科Ａ(000002),-1800233.34
2016-07-04 07:00:00+00:00,81866,,2016-07-04 07:00:00+00:00,5b9572afe69c4f908dd84b258ab86d14,21.990000000000002,万 科Ａ(000002),万 科Ａ(000002),-1800233.34
2016-07-04 07:00:00+00:00,81866,,2016-07-04 07:00:00+00:00,7c7842e66d5a4b5b9a19b940f068f0a9,21.990000000000002,万 科Ａ(000002),万 科Ａ(000002),-1800233.34
2016-07-04 07:00:00+00:00,81866,,2016-07-04 07:00:00+00:00,90ae5affd24645648f319ed618029d7b,21.990000000000002,万 科Ａ(000002),万 科Ａ(000002),-1800233.34
2016-07-04 07:00:00+00:00,81866,,2016-07-04 07:00:00+00:00,dc8feab8df464d27af8693d4381f80e8,21.990000000000002,万 科Ａ(000002),万 科Ａ(000002),-1800233.34
2016-07-04 07:00:00+00:00,81866,,2016-07-04 07:00:00+00:00,f28f6a2f7bf5409ab4275a7397daccd3,21.990000000000002,万 科Ａ(000002),万 科Ａ(000002),-1800233.34
2016-07-04 07:00:00+00:00,81866,,2016-07-04 07:00:00+00:00,c96a75073a0e47b291e03cdbdf6919cf,21.990000000000002,万 科Ａ(000002),万 科Ａ(000002),-1800233.34
2016-07-04 07:00:00+00:00,81866,,2016-07-04 07:00:00+00:00,590eb6fb3ea44287a42575f1150d1cb3,21.990000000000002,万 科Ａ(000002),万 科Ａ(000002),-1800233.34
2016-07-04 07:00:00+00:00,81866,,2016-07-04 07:00:00+00:00,3223cec438994ebd9dda5ebf14be2cdd,21.990000000000002,万 科Ａ(000002),万 科Ａ(000002),-1800233.34
2016-07-04 07:00:00+00:00,81866,,2016-07-04 07:00:00+00:00,6e3adf3acb334a899b2d5a89f73aab67,21.990000000000002,万 科Ａ(000002),万 科Ａ(000002),-1800233.34
2016-07-04 07:00:00+00:00,81866,,2016-07-04 07:00:00+00:00,f52c70abbf874ca0a70a97c71a1dd737,21.990000000000002,万 科Ａ(000002),万 科Ａ(000002),-1800233.34
2016-07-04 07:00:00+00:00,81866,,2016-07-04 07:00:00+00:00,b1e88c7c4da24dbc89b82a1b5b47a8ff,21.990000000000002,万 科Ａ(000002),万 科Ａ(000002),-1800233.34
2016-07-04 07:00:00+00:00,81866,,2016-07-04 07:00:00+00:00,1f9955a968884d51b15ed7b743467875,21.990000000000002,万 科Ａ(000002),万 科Ａ(000002),-1800233.34
2016-07-04 07:00:00+00:00,81866,,2016-07-04 07:00:00+00:00,b4c9371cb8e8432f8546916f5a6d862a,21.990000000000002,万 科Ａ(000002),万 科Ａ(000002),-1800233.34
2016-07-04 07:00:00+00:00,81866,,2016-07-04 07:00:00+00:00,ab350ac151fd4cd5955b46415ee6c5a5,21.990000000000002,万 科Ａ(000002),万 科Ａ(000002),-1800233.34
2016-07-04 07:00:00+00:00,81866,,2016-07-04 07:00:00+00:00,f449b2bbb9d84583950a367d2460ebc4,21.990000000000002,万 科Ａ(000002),万 科Ａ(000002),-1800233.34
2016-07-04 07:00:00+00:00,81866,,2016-07-04 07:00:00+00:00,539b2446aa834f038fa1443a352f13c3,21.990000000000002,万 科Ａ(000002),万 科Ａ(000002),-1800233.34
2016-07-04 07:00:00+00:00,81866,,2016-07-04 07:00:00+00:00,74952ef918f242709634ea646fc57b2c,21.990000000000002,万 科Ａ(000002),万 科Ａ(000002),-1800233.34
2016-07-04 07:00:00+00:00,81866,,2016-07-04 07:00:00+00:00,9f5b2d9014124f148c2a0727d087ecf1,21.990000000000002,万 科Ａ(000002),万 科Ａ(000002),-1800233.34
2016-07-04 07:00:00+00:00,81866,,2016-07-04 07:00:00+00:00,ca0e18164fa44f86a7734fdae7e79625,21.990000000000002,万 科Ａ(000002),万 科Ａ(000002),-1800233.34
2016-07-04 07:00:00+00:00,81866,,2016-07-04 07:00:00+00:00,b80b0227b9614b0ab77f1d9d07cd007d,21.990000000000002,万 科Ａ(000002),万 科Ａ(000002),-1800233.34
2016-07-04 07:00:00+00:00,81866,,2016-07-04 07:00:00+00:00,f1bb616ab2824cd3a0c54844ee10771d,21.990000000000002,万 科Ａ(000002),万 科Ａ(000002),-1800233.34
2016-07-04 07:00:00+00:00,81866,,2016-07-04 07:00:00+00:00,984a8f95f8bc4b9ca26036a0fe2f6a48,21.990000000000002,万 科Ａ(000002),万 科Ａ(000002),-1800233.34
2016-07-04 07:00:00+00:00,81866,,2016-07-04 07:00:00+00:00,f7950b0edf67414882095583ab0cbffe,21.990000000000002,万 科Ａ(000002),万 科Ａ(000002),-1800233.34
2016-07-04 07:00:00+00:00,81866,,2016-07-04 07:00:00+00:00,38beaf06519e404da812c49171062bf3,21.990000000000002,万 科Ａ(000002),万 科Ａ(000002),-1800233.34
2016-07-04 07:00:00+00:00,81866,,2016-07-04 07:00:00+00:00,aef2922405bb44289a1e00571235b5a6,21.990000000000002,万 科Ａ(000002),万 科Ａ(000002),-1800233.34
2016-07-04 07:00:00+00:00,81866,,2016-07-04 07:00:00+00:00,cf48fa1c4e284a79b7f98ab3e58efff5,21.990000000000002,万 科Ａ(000002),万 科Ａ(000002),-1800233.34
2016-07-04 07:00:00+00:00,81866,,2016-07-04 07:00:00+00:00,73bdc980aa0a4ad5ba0f93ef662fd346,21.990000000000002,万 科Ａ(000002),万 科Ａ(000002),-1800233.34
2016-07-04 07:00:00+00:00,81866,,2016-07-04 07:00:00+00:00,f01194e3f7a648c58a9516687d245e84,21.990000000000002,万 科Ａ(000002),万 科Ａ(000002),-1800233.34
2016-07-04 07:00:00+00:00,81866,,2016-07-04 07:00:00+00:00,ad0d89a951304707b0dcf20e00c32258,21.990000000000002,万 科Ａ(000002),万 科Ａ(000002),-1800233.34
2016-07-04 07:00:00+00:00,81866,,2016-07-04 07:00:00+00:00,7c3f458cce4845b58dbff7272b77e2e1,21.990000000000002,万 科Ａ(000002),万 科Ａ(000002),-1800233.34
2016-07-04 07:00:00+00:00,81866,,2016-07-04 07:00:00+00:00,96fb92dcfbcd4010aa1e86547a793bab,21.990000000000002,万 科Ａ(000002),万 科Ａ(000002),-1800233.34
2016-07-04 07:00:00+00:00,81866,,2016-07-04 07:00:00+00:00,2a7b82824d154e4ab5ac8408e62ce3af,21.990000000000002,万 科Ａ(000002),万 科Ａ(000002),-1800233.34
2016-07-04 07:00:00+00:00,81866,,2016-07-04 07:00:00+00:00,a4bd170b848b4166b6e4ea4525adba1f,21.990000000000002,万 科Ａ(000002),万 科Ａ(000002),-1800233.34
2016-07-04 07:00:00+00:00,81866,,2016-07-04 07:00:00+00:00,b6a8ac648cc74d97af8a45f1b5f93c1f,21.990000000000002,万 科Ａ(000002),万 科Ａ(000002),-1800233.34
2016-07-04 07:00:00+00:00,81866,,2016-07-04 07:00:00+00:00,5bd90aeb9554465286c18233b5f2c582,21.990000000000002,万 科Ａ(000002),万 科Ａ(000002),-1800233.34
2016-07-04 07:00:00+00:00,81866,,2016-07-04 07:00:00+00:00,b91af3d074b448a4b0cbe564df48f7f6,21.990000000000002,万 科Ａ(000002),万 科Ａ(000002),-1800233.34
